"","chr","pos_hg38","r2","D'","is_query_snp","rsID","ref","alt","AFR","AMR","ASN","EUR","GERP_cons","SiPhy_cons","Chromatin_States","Chromatin_States_Imputed","Chromatin_Marks","DNAse","Proteins","eQTL","gwas","grasp","Motifs","GENCODE_id","GENCODE_name","GENCODE_direction","GENCODE_distance","RefSeq_id","RefSeq_name","RefSeq_direction","RefSeq_distance","dbSNP_functional_annotation","query_snp_rsid"
"1","17","66213160","0.82","0.93","0","rs4790914","C","G","0.84","0.66","0.91","0.57","0","0","","","","",".","GTEx2015_v6,Heart_Left_Ventricle,PRKCA,3.25964766049438e-10",".",".","AP-4_3;Ascl2;E2A_5;Foxa_disc3;HEN1_2;LBP-1_2;NRSF_disc4;NRSF_disc8;NRSF_known3;Rad21_disc10;Rad21_disc5;SMC3_disc3;ZEB1_disc1","ENSG00000091583.6","APOH","0","0","NM_000042","APOH","0","0","INT","rs10048158"
"2","17","66213422","0.82","0.93","0","rs4791079","T","G","0.85","0.67","0.91","0.57","0","0","","","","",".","GTEx2015_v6,Heart_Left_Ventricle,PRKCA,2.87827072933431e-10;Koopman2014,Heart,PRKCA,9.83E-07",".",".","Pou5f1_disc1;RFX5_known1;Sox_4;TATA_disc7","ENSG00000091583.6","APOH","0","0","NM_000042","APOH","0","0","INT","rs10048158"
"3","17","66213896","0.82","0.93","0","rs4791078","A","C","0.84","0.67","0.91","0.57","0","0","","","E002,H3K4me3_Pro;E004,H3K9ac_Pro","",".","GTEx2015_v6,Heart_Left_Ventricle,PRKCA,2.87827072933431e-10",".",".","RFX5_known5;Zbtb3","ENSG00000091583.6","APOH","0","0","NM_000042","APOH","0","0","INT","rs10048158"
"4","17","66214285","0.83","0.93","0","rs1971682","G","C","0.86","0.67","0.91","0.57","0","0","","","E002,H3K4me3_Pro;E056,H3K4me1_Enh;E066,H3K4me1_Enh;E118,H3K4me1_Enh","","HepG2,POL2,UT-A,None","GTEx2015_v6,Heart_Left_Ventricle,PRKCA,5.94596439339797e-11",".",".","AP-1_disc1;HEN1_1;Maf_disc2;NR4A_known1;RAR;RXRA_known3;T3R","ENSG00000091583.6","APOH","0","0","NM_000042","APOH","0","0","INT","rs10048158"
"5","17","66216124","0.83","0.93","0","rs4366742","T","C","0.93","0.68","0.91","0.57","0","0","E118,6_EnhG","","E002,H3K4me1_Enh;E066,H3K4me1_Enh;E118,H3K4me1_Enh;E006,H3K9ac_Pro;E066,H3K27ac_Enh","",".","GTEx2015_v6,Heart_Left_Ventricle,PRKCA,6.83955923561212e-11",".",".","Pdx1_2","ENSG00000091583.6","APOH","0","0","NM_000042","APOH","0","0","INT","rs10048158"
"6","17","66219453","0.83","0.93","0","rs2215415","G","A","0.91","0.67","0.91","0.57","0","0","","","E038,H3K9ac_Pro;E066,H3K4me1_Enh","","HepG2,POL2,Stanford,forskolin","GTEx2015_v6,Heart_Left_Ventricle,PRKCA,6.80544182605399e-11",".",".","AP-1_disc1;HEY1_disc1;TATA_disc2","ENSG00000091583.6","APOH","0","0","NM_000042","APOH","0","0","INT","rs10048158"
"7","17","66220526","0.83","0.93","0","rs3744317","G","A","0.93","0.68","0.91","0.57","0","0","E066,6_EnhG;E118,6_EnhG","","E008,H3K9ac_Pro;E062,H3K9ac_Pro;E045,H3K4me1_Enh;E066,H3K4me1_Enh;E118,H3K4me1_Enh;E066,H3K4me3_Pro","",".","GTEx2015_v6,Heart_Left_Ventricle,PRKCA,6.80544182605399e-11;Koopman2014,Heart,PRKCA,9.83E-07",".",".",".","ENSG00000091583.6","APOH","0","0","NM_000042","APOH","0","0","INT","rs10048158"
"8","17","66227121","0.83","0.94","0","rs8178827","C","T","0.9","0.68","0.9","0.57","0","0","E066,1_TssA;E118,3_TxFlnk","E066,4_PromD2;E118,4_PromD2","E025,H3K4me3_Pro;E066,H3K4me3_Pro;E118,H3K4me3_Pro;E066,H3K27ac_Enh;E118,H3K27ac_Enh;E066,H3K4me1_Enh;E085,H3K4me1_Enh;E087,H3K4me1_Enh;E118,H3K4me1_Enh;E066,H3K9ac_Pro;E118,H3K9ac_Pro","",".","GTEx2015_v6,Heart_Left_Ventricle,PRKCA,2.44658806733437e-10",".",".","ATF3_disc1;LXR_2;SREBP_known4","ENSG00000091583.6","APOH","0","0","NM_000042","APOH","0","0","INT","rs10048158"
"9","17","66230111","0.83","0.93","0","rs71160546","GA","G","0.87","0.67","0.92","0.56","0","0","E066,2_TssAFlnk;E084,7_Enh;E085,7_Enh;E088,7_Enh;E114,7_Enh;E118,2_TssAFlnk","E066,13_EnhA1;E084,15_EnhAF;E085,15_EnhAF;E114,22_PromP;E118,13_EnhA1","E055,H3K4me1_Enh;E066,H3K4me1_Enh;E077,H3K4me1_Enh;E084,H3K4me1_Enh;E085,H3K4me1_Enh;E087,H3K4me1_Enh;E088,H3K4me1_Enh;E094,H3K4me1_Enh;E106,H3K4me1_Enh;E114,H3K4me1_Enh;E118,H3K4me1_Enh;E061,H3K27ac_Enh;E066,H3K27ac_Enh;E084,H3K27ac_Enh;E085,H3K27ac_Enh;E114,H3K27ac_Enh;E118,H3K27ac_Enh;E066,H3K4me3_Pro;E077,H3K4me3_Pro;E103,H3K4me3_Pro;E114,H3K4me3_Pro;E118,H3K4me3_Pro;E066,H3K9ac_Pro;E114,H3K9ac_Pro;E118,H3K9ac_Pro","",".","GTEx2015_v6,Heart_Left_Ventricle,PRKCA,2.09660151875432e-10",".",".","Evi-1_3;Irf_disc3;STAT_disc3","ENSG00000091583.6","APOH","0","0","NM_000042","APOH","5","672",".","rs10048158"
"10","17","66231972","0.82","0.99","0","rs11079645","G","T","0.88","0.63","0.9","0.51","0","0","E066,2_TssAFlnk;E084,7_Enh;E085,7_Enh;E114,7_Enh;E118,7_Enh","E066,14_EnhA2;E118,15_EnhAF","E008,H3K9ac_Pro;E066,H3K9ac_Pro;E088,H3K9ac_Pro;E021,H3K27ac_Enh;E066,H3K27ac_Enh;E084,H3K27ac_Enh;E085,H3K27ac_Enh;E096,H3K27ac_Enh;E114,H3K27ac_Enh;E118,H3K27ac_Enh;E023,H3K4me1_Enh;E055,H3K4me1_Enh;E066,H3K4me1_Enh;E077,H3K4me1_Enh;E084,H3K4me1_Enh;E085,H3K4me1_Enh;E087,H3K4me1_Enh;E088,H3K4me1_Enh;E098,H3K4me1_Enh;E114,H3K4me1_Enh;E118,H3K4me1_Enh;E066,H3K4me3_Pro;E114,H3K4me3_Pro","",".","GTEx2015_v6,Heart_Left_Ventricle,PRKCA,6.18988623085424e-12",".",".","GR_disc4;SZF1-1","ENSG00000091583.6","APOH","0","0","NM_000042","APOH","5","2533",".","rs10048158"
"11","17","66240200","1","1","1","rs10048158","T","C","0.93","0.66","0.92","0.56","0","0","","","E017,H3K27ac_Enh;E056,H3K27ac_Enh;E117,H3K27ac_Enh;E122,H3K27ac_Enh;E025,H3K4me1_Enh;E026,H3K4me1_Enh;E028,H3K4me1_Enh;E052,H3K4me1_Enh;E055,H3K4me1_Enh;E056,H3K4me1_Enh;E057,H3K4me1_Enh;E084,H3K4me1_Enh;E114,H3K4me1_Enh;E117,H3K4me1_Enh;E122,H3K4me1_Enh;E125,H3K4me1_Enh;E126,H3K4me1_Enh;E127,H3K4me1_Enh;E129,H3K4me1_Enh;E052,H3K9ac_Pro;E122,H3K4me3_Pro","E055;E056;E126",".","GTEx2015_v6,Heart_Atrial_Appendage,PRKCA,7.3104710229491e-07;GTEx2015_v6,Heart_Left_Ventricle,PRKCA,3.02712315271318e-13;Koopman2014,Heart,PRKCA,3.03E-08","23279374,&beta2-Glycoprotein I (&beta2-GPI) plasma levels,1E-6",".","Mrg1::Hoxa9_1;Pou2f2_known3","ENSG00000091583.6","APOH","0","0","NM_000042","APOH","5","10761",".","rs10048158"
"12","17","66240359","0.83","1","0","rs2013785","A","G","0.64","0.6","0.91","0.51","0","0","E028,7_Enh;E052,7_Enh;E055,7_Enh;E057,7_Enh;E117,7_Enh;E122,7_Enh;E126,7_Enh;E127,7_Enh","E028,17_EnhW2;E052,22_PromP;E055,15_EnhAF;E056,17_EnhW2;E057,17_EnhW2;E059,19_DNase;E117,17_EnhW2;E122,19_DNase;E126,17_EnhW2;E128,17_EnhW2","E017,H3K27ac_Enh;E056,H3K27ac_Enh;E117,H3K27ac_Enh;E122,H3K27ac_Enh;E025,H3K4me1_Enh;E026,H3K4me1_Enh;E028,H3K4me1_Enh;E052,H3K4me1_Enh;E055,H3K4me1_Enh;E056,H3K4me1_Enh;E057,H3K4me1_Enh;E058,H3K4me1_Enh;E061,H3K4me1_Enh;E084,H3K4me1_Enh;E114,H3K4me1_Enh;E117,H3K4me1_Enh;E122,H3K4me1_Enh;E125,H3K4me1_Enh;E126,H3K4me1_Enh;E127,H3K4me1_Enh;E129,H3K4me1_Enh;E052,H3K9ac_Pro;E122,H3K4me3_Pro","",".","GTEx2015_v6,Heart_Left_Ventricle,PRKCA,4.47516526282854e-12;Koopman2014,Heart,PRKCA,2.83E-06",".",".","BDP1_disc2;Hdx;Zfp410","ENSG00000091583.6","APOH","0","0","NM_000042","APOH","5","10920",".","rs10048158"
"13","17","66240835","0.83","1","0","rs8079676","A","G","0.84","0.63","0.91","0.51","0","0","E025,7_Enh;E028,7_Enh;E052,7_Enh;E055,7_Enh;E057,7_Enh;E114,7_Enh;E122,7_Enh;E126,7_Enh;E127,7_Enh","E006,19_DNase;E017,17_EnhW2;E023,17_EnhW2;E025,22_PromP;E026,19_DNase;E027,19_DNase;E028,17_EnhW2;E049,19_DNase;E052,22_PromP;E055,19_DNase;E056,17_EnhW2;E057,19_DNase;E058,19_DNase;E059,19_DNase;E061,19_DNase;E062,19_DNase;E082,19_DNase;E097,19_DNase;E099,19_DNase;E105,19_DNase;E114,16_EnhW1;E117,17_EnhW2;E118,19_DNase;E119,19_DNase;E120,19_DNase;E121,19_DNase;E122,16_EnhW1;E123,19_DNase;E125,19_DNase;E126,17_EnhW2;E127,19_DNase;E128,19_DNase;E129,19_DNase","E017,H3K27ac_Enh;E056,H3K27ac_Enh;E114,H3K27ac_Enh;E117,H3K27ac_Enh;E122,H3K27ac_Enh;E025,H3K4me1_Enh;E026,H3K4me1_Enh;E028,H3K4me1_Enh;E052,H3K4me1_Enh;E055,H3K4me1_Enh;E056,H3K4me1_Enh;E057,H3K4me1_Enh;E058,H3K4me1_Enh;E061,H3K4me1_Enh;E084,H3K4me1_Enh;E114,H3K4me1_Enh;E117,H3K4me1_Enh;E122,H3K4me1_Enh;E125,H3K4me1_Enh;E126,H3K4me1_Enh;E127,H3K4me1_Enh;E129,H3K4me1_Enh;E052,H3K9ac_Pro;E122,H3K4me3_Pro","E006;E017;E028;E055;E056;E057;E059;E114;E117;E120;E121;E122;E125;E126;E127;E128","HUVEC,CFOS,UCD,None;HUVEC,CJUN,Stanford,None;HUVEC,GATA2,UCD,None","GTEx2015_v6,Heart_Left_Ventricle,PRKCA,6.29702088588279e-11;Hao2012,Lung,APOH,2.63E-07",".",".","STAT_disc4;Sox_2","ENSG00000091583.6","APOH","0","0","NM_000042","APOH","5","11396",".","rs10048158"
"14","17","66241771","0.83","1","0","rs4791076","C","A","0.85","0.63","0.91","0.51","0","0","E118,7_Enh;E122,7_Enh","E117,19_DNase","E006,H3K4me1_Enh;E016,H3K4me1_Enh;E028,H3K4me1_Enh;E052,H3K4me1_Enh;E055,H3K4me1_Enh;E056,H3K4me1_Enh;E058,H3K4me1_Enh;E084,H3K4me1_Enh;E085,H3K4me1_Enh;E114,H3K4me1_Enh;E117,H3K4me1_Enh;E122,H3K4me1_Enh;E125,H3K4me1_Enh;E126,H3K4me1_Enh;E052,H3K9ac_Pro;E055,H3K27ac_Enh;E058,H3K27ac_Enh;E114,H3K27ac_Enh;E117,H3K27ac_Enh;E122,H3K27ac_Enh","E122",".","GTEx2015_v6,Heart_Left_Ventricle,PRKCA,2.48318199588435e-11",".",".","Foxl1_2;Hltf;Mef2_known6;RXRA_known1","ENSG00000091583.6","APOH","0","0","NM_000042","APOH","5","12332",".","rs10048158"
"15","17","66244318","1","1","0","rs9895261","A","G","0.93","0.66","0.92","0.56","0","0","","","E012,H3K27ac_Enh;E037,H3K27ac_Enh;E056,H3K27ac_Enh;E038,H3K4me1_Enh;E040,H3K4me1_Enh;E042,H3K4me1_Enh;E043,H3K4me1_Enh;E048,H3K4me1_Enh;E055,H3K4me1_Enh","E119",".","GTEx2015_v6,Heart_Atrial_Appendage,PRKCA,2.8487248256104e-06;GTEx2015_v6,Heart_Left_Ventricle,PRKCA,1.42677167352226e-12",".",".",".","ENSG00000091583.6","APOH","0","0","NM_000042","APOH","5","14879",".","rs10048158"
"16","17","66248387","0.99","1","0","rs12603947","T","C","0.93","0.66","0.92","0.56","0","0","E034,7_Enh;E037,7_Enh;E038,7_Enh;E039,7_Enh;E040,7_Enh;E041,7_Enh;E043,7_Enh;E048,7_Enh;E083,7_Enh;E093,12_EnhBiv;E107,12_EnhBiv;E122,7_Enh","E037,17_EnhW2;E038,17_EnhW2;E039,17_EnhW2;E040,17_EnhW2;E041,17_EnhW2;E045,17_EnhW2;E048,17_EnhW2","E007,H3K9ac_Pro;E018,H3K9ac_Pro;E038,H3K9ac_Pro;E008,H3K27ac_Enh;E043,H3K27ac_Enh;E056,H3K27ac_Enh;E105,H3K27ac_Enh;E024,H3K4me3_Pro;E096,H3K4me3_Pro;E033,H3K4me1_Enh;E034,H3K4me1_Enh;E037,H3K4me1_Enh;E038,H3K4me1_Enh;E039,H3K4me1_Enh;E040,H3K4me1_Enh;E041,H3K4me1_Enh;E042,H3K4me1_Enh;E043,H3K4me1_Enh;E044,H3K4me1_Enh;E045,H3K4me1_Enh;E047,H3K4me1_Enh;E048,H3K4me1_Enh;E055,H3K4me1_Enh;E056,H3K4me1_Enh;E083,H3K4me1_Enh;E089,H3K4me1_Enh;E093,H3K4me1_Enh;E095,H3K4me1_Enh;E096,H3K4me1_Enh;E104,H3K4me1_Enh;E107,H3K4me1_Enh;E113,H3K4me1_Enh;E122,H3K4me1_Enh","E083;E121",".","GTEx2015_v6,Heart_Atrial_Appendage,PRKCA,7.77998072609731e-06;GTEx2015_v6,Heart_Left_Ventricle,PRKCA,2.54591426902546e-12",".",".","E2F_disc4;Irf_disc1;Pou2f2_known3;SRF_known4;THAP1_disc1;YY1_disc1","ENSG00000091583.6","APOH","0","0","NM_000042","APOH","5","18948",".","rs10048158"
"17","17","66248527","0.99","1","0","rs7342920","T","G","0.9","0.65","0.92","0.56","0","0","E037,7_Enh;E038,7_Enh;E039,7_Enh;E040,7_Enh;E041,7_Enh;E043,7_Enh;E083,7_Enh;E093,12_EnhBiv;E122,7_Enh","E037,17_EnhW2;E038,17_EnhW2;E039,17_EnhW2;E041,17_EnhW2;E045,17_EnhW2;E048,17_EnhW2","E007,H3K9ac_Pro;E008,H3K9ac_Pro;E038,H3K9ac_Pro;E008,H3K27ac_Enh;E043,H3K27ac_Enh;E056,H3K27ac_Enh;E033,H3K4me1_Enh;E034,H3K4me1_Enh;E037,H3K4me1_Enh;E038,H3K4me1_Enh;E039,H3K4me1_Enh;E040,H3K4me1_Enh;E041,H3K4me1_Enh;E042,H3K4me1_Enh;E043,H3K4me1_Enh;E044,H3K4me1_Enh;E045,H3K4me1_Enh;E047,H3K4me1_Enh;E048,H3K4me1_Enh;E056,H3K4me1_Enh;E083,H3K4me1_Enh;E089,H3K4me1_Enh;E093,H3K4me1_Enh;E095,H3K4me1_Enh;E096,H3K4me1_Enh;E104,H3K4me1_Enh;E107,H3K4me1_Enh;E113,H3K4me1_Enh;E122,H3K4me1_Enh;E096,H3K4me3_Pro","E080;E081;E083;E088;E109;E122",".","GTEx2015_v6,Heart_Atrial_Appendage,PRKCA,7.55129310184546e-06;GTEx2015_v6,Heart_Left_Ventricle,PRKCA,2.42813532585697e-12",".",".","CEBPD;EWSR1-FLI1;Maf_known2;SP2_disc2","ENSG00000091583.6","APOH","0","0","NM_000042","APOH","5","19088",".","rs10048158"
"18","17","66249417","0.87","0.97","0","rs56003105","A","G","0.86","0.63","0.85","0.54","0","0","","","E034,H3K4me1_Enh;E037,H3K4me1_Enh;E038,H3K4me1_Enh;E039,H3K4me1_Enh;E041,H3K4me1_Enh;E042,H3K4me1_Enh;E043,H3K4me1_Enh;E045,H3K4me1_Enh;E048,H3K4me1_Enh;E093,H3K4me1_Enh;E096,H3K4me1_Enh;E038,H3K9ac_Pro","",".","GTEx2015_v6,Heart_Left_Ventricle,PRKCA,3.13991439033516e-11",".",".",".","ENSG00000091583.6","APOH","0","0","NM_000042","APOH","5","19978",".","rs10048158"
"19","17","66213160","1","1","0","rs4790914","C","G","0.84","0.66","0.91","0.57","0","0","","","","",".","GTEx2015_v6,Heart_Left_Ventricle,PRKCA,3.25964766049438e-10",".",".","AP-4_3;Ascl2;E2A_5;Foxa_disc3;HEN1_2;LBP-1_2;NRSF_disc4;NRSF_disc8;NRSF_known3;Rad21_disc10;Rad21_disc5;SMC3_disc3;ZEB1_disc1","ENSG00000091583.6","APOH","0","0","NM_000042","APOH","0","0","INT","rs4791078"
"20","17","66213422","1","1","0","rs4791079","T","G","0.85","0.67","0.91","0.57","0","0","","","","",".","GTEx2015_v6,Heart_Left_Ventricle,PRKCA,2.87827072933431e-10;Koopman2014,Heart,PRKCA,9.83E-07",".",".","Pou5f1_disc1;RFX5_known1;Sox_4;TATA_disc7","ENSG00000091583.6","APOH","0","0","NM_000042","APOH","0","0","INT","rs4791078"
"21","17","66213896","1","1","1","rs4791078","A","C","0.84","0.67","0.91","0.57","0","0","","","E002,H3K4me3_Pro;E004,H3K9ac_Pro","",".","GTEx2015_v6,Heart_Left_Ventricle,PRKCA,2.87827072933431e-10",".",".","RFX5_known5;Zbtb3","ENSG00000091583.6","APOH","0","0","NM_000042","APOH","0","0","INT","rs4791078"
"22","17","66214285","0.98","0.99","0","rs1971682","G","C","0.86","0.67","0.91","0.57","0","0","","","E002,H3K4me3_Pro;E056,H3K4me1_Enh;E066,H3K4me1_Enh;E118,H3K4me1_Enh","","HepG2,POL2,UT-A,None","GTEx2015_v6,Heart_Left_Ventricle,PRKCA,5.94596439339797e-11",".",".","AP-1_disc1;HEN1_1;Maf_disc2;NR4A_known1;RAR;RXRA_known3;T3R","ENSG00000091583.6","APOH","0","0","NM_000042","APOH","0","0","INT","rs4791078"
"23","17","66216124","0.99","0.99","0","rs4366742","T","C","0.93","0.68","0.91","0.57","0","0","E118,6_EnhG","","E002,H3K4me1_Enh;E066,H3K4me1_Enh;E118,H3K4me1_Enh;E006,H3K9ac_Pro;E066,H3K27ac_Enh","",".","GTEx2015_v6,Heart_Left_Ventricle,PRKCA,6.83955923561212e-11",".",".","Pdx1_2","ENSG00000091583.6","APOH","0","0","NM_000042","APOH","0","0","INT","rs4791078"
"24","17","66219453","0.99","0.99","0","rs2215415","G","A","0.91","0.67","0.91","0.57","0","0","","","E038,H3K9ac_Pro;E066,H3K4me1_Enh","","HepG2,POL2,Stanford,forskolin","GTEx2015_v6,Heart_Left_Ventricle,PRKCA,6.80544182605399e-11",".",".","AP-1_disc1;HEY1_disc1;TATA_disc2","ENSG00000091583.6","APOH","0","0","NM_000042","APOH","0","0","INT","rs4791078"
"25","17","66219777","0.82","0.99","0","rs2215414","A","G","0.89","0.63","0.89","0.52","0","0","E066,6_EnhG","","E008,H3K9ac_Pro;E038,H3K9ac_Pro;E066,H3K4me1_Enh;E118,H3K4me1_Enh;E066,H3K4me3_Pro","","HepG2,POL2,UT-A,None","GTEx2015_v6,Heart_Left_Ventricle,PRKCA,2.47655996890797e-09",".",".","SP1_known3;SRF_known5;SRF_known6","ENSG00000091583.6","APOH","0","0","NM_000042","APOH","0","0","INT","rs4791078"
"26","17","66220526","0.99","0.99","0","rs3744317","G","A","0.93","0.68","0.91","0.57","0","0","E066,6_EnhG;E118,6_EnhG","","E008,H3K9ac_Pro;E062,H3K9ac_Pro;E045,H3K4me1_Enh;E066,H3K4me1_Enh;E118,H3K4me1_Enh;E066,H3K4me3_Pro","",".","GTEx2015_v6,Heart_Left_Ventricle,PRKCA,6.80544182605399e-11;Koopman2014,Heart,PRKCA,9.83E-07",".",".",".","ENSG00000091583.6","APOH","0","0","NM_000042","APOH","0","0","INT","rs4791078"
"27","17","66221860","0.82","0.99","0","rs8178845","C","A","0.93","0.65","0.91","0.53","0","0","E066,6_EnhG;E118,6_EnhG","","E008,H3K27ac_Enh;E066,H3K27ac_Enh;E118,H3K27ac_Enh;E045,H3K4me1_Enh;E066,H3K4me1_Enh;E092,H3K4me1_Enh;E118,H3K4me1_Enh;E066,H3K9ac_Pro","","HepG2,POL2,HudsonAlpha,None","GTEx2015_v6,Heart_Left_Ventricle,PRKCA,2.65973805011232e-10",".",".","Ik-3","ENSG00000091583.6","APOH","0","0","NM_000042","APOH","0","0","INT","rs4791078"
"28","17","66227121","0.96","0.99","0","rs8178827","C","T","0.9","0.68","0.9","0.57","0","0","E066,1_TssA;E118,3_TxFlnk","E066,4_PromD2;E118,4_PromD2","E025,H3K4me3_Pro;E066,H3K4me3_Pro;E118,H3K4me3_Pro;E066,H3K27ac_Enh;E118,H3K27ac_Enh;E066,H3K4me1_Enh;E085,H3K4me1_Enh;E087,H3K4me1_Enh;E118,H3K4me1_Enh;E066,H3K9ac_Pro;E118,H3K9ac_Pro","",".","GTEx2015_v6,Heart_Left_Ventricle,PRKCA,2.44658806733437e-10",".",".","ATF3_disc1;LXR_2;SREBP_known4","ENSG00000091583.6","APOH","0","0","NM_000042","APOH","0","0","INT","rs4791078"
"29","17","66230111","0.94","0.97","0","rs71160546","GA","G","0.87","0.67","0.92","0.56","0","0","E066,2_TssAFlnk;E084,7_Enh;E085,7_Enh;E088,7_Enh;E114,7_Enh;E118,2_TssAFlnk","E066,13_EnhA1;E084,15_EnhAF;E085,15_EnhAF;E114,22_PromP;E118,13_EnhA1","E055,H3K4me1_Enh;E066,H3K4me1_Enh;E077,H3K4me1_Enh;E084,H3K4me1_Enh;E085,H3K4me1_Enh;E087,H3K4me1_Enh;E088,H3K4me1_Enh;E094,H3K4me1_Enh;E106,H3K4me1_Enh;E114,H3K4me1_Enh;E118,H3K4me1_Enh;E061,H3K27ac_Enh;E066,H3K27ac_Enh;E084,H3K27ac_Enh;E085,H3K27ac_Enh;E114,H3K27ac_Enh;E118,H3K27ac_Enh;E066,H3K4me3_Pro;E077,H3K4me3_Pro;E103,H3K4me3_Pro;E114,H3K4me3_Pro;E118,H3K4me3_Pro;E066,H3K9ac_Pro;E114,H3K9ac_Pro;E118,H3K9ac_Pro","",".","GTEx2015_v6,Heart_Left_Ventricle,PRKCA,2.09660151875432e-10",".",".","Evi-1_3;Irf_disc3;STAT_disc3","ENSG00000091583.6","APOH","0","0","NM_000042","APOH","5","672",".","rs4791078"
"30","17","66240200","0.82","0.93","0","rs10048158","T","C","0.93","0.66","0.92","0.56","0","0","","","E017,H3K27ac_Enh;E056,H3K27ac_Enh;E117,H3K27ac_Enh;E122,H3K27ac_Enh;E025,H3K4me1_Enh;E026,H3K4me1_Enh;E028,H3K4me1_Enh;E052,H3K4me1_Enh;E055,H3K4me1_Enh;E056,H3K4me1_Enh;E057,H3K4me1_Enh;E084,H3K4me1_Enh;E114,H3K4me1_Enh;E117,H3K4me1_Enh;E122,H3K4me1_Enh;E125,H3K4me1_Enh;E126,H3K4me1_Enh;E127,H3K4me1_Enh;E129,H3K4me1_Enh;E052,H3K9ac_Pro;E122,H3K4me3_Pro","E055;E056;E126",".","GTEx2015_v6,Heart_Atrial_Appendage,PRKCA,7.3104710229491e-07;GTEx2015_v6,Heart_Left_Ventricle,PRKCA,3.02712315271318e-13;Koopman2014,Heart,PRKCA,3.03E-08","23279374,&beta2-Glycoprotein I (&beta2-GPI) plasma levels,1E-6",".","Mrg1::Hoxa9_1;Pou2f2_known3","ENSG00000091583.6","APOH","0","0","NM_000042","APOH","5","10761",".","rs4791078"
"31","17","66244318","0.82","0.93","0","rs9895261","A","G","0.93","0.66","0.92","0.56","0","0","","","E012,H3K27ac_Enh;E037,H3K27ac_Enh;E056,H3K27ac_Enh;E038,H3K4me1_Enh;E040,H3K4me1_Enh;E042,H3K4me1_Enh;E043,H3K4me1_Enh;E048,H3K4me1_Enh;E055,H3K4me1_Enh","E119",".","GTEx2015_v6,Heart_Atrial_Appendage,PRKCA,2.8487248256104e-06;GTEx2015_v6,Heart_Left_Ventricle,PRKCA,1.42677167352226e-12",".",".",".","ENSG00000091583.6","APOH","0","0","NM_000042","APOH","5","14879",".","rs4791078"
"32","17","66248387","0.81","0.92","0","rs12603947","T","C","0.93","0.66","0.92","0.56","0","0","E034,7_Enh;E037,7_Enh;E038,7_Enh;E039,7_Enh;E040,7_Enh;E041,7_Enh;E043,7_Enh;E048,7_Enh;E083,7_Enh;E093,12_EnhBiv;E107,12_EnhBiv;E122,7_Enh","E037,17_EnhW2;E038,17_EnhW2;E039,17_EnhW2;E040,17_EnhW2;E041,17_EnhW2;E045,17_EnhW2;E048,17_EnhW2","E007,H3K9ac_Pro;E018,H3K9ac_Pro;E038,H3K9ac_Pro;E008,H3K27ac_Enh;E043,H3K27ac_Enh;E056,H3K27ac_Enh;E105,H3K27ac_Enh;E024,H3K4me3_Pro;E096,H3K4me3_Pro;E033,H3K4me1_Enh;E034,H3K4me1_Enh;E037,H3K4me1_Enh;E038,H3K4me1_Enh;E039,H3K4me1_Enh;E040,H3K4me1_Enh;E041,H3K4me1_Enh;E042,H3K4me1_Enh;E043,H3K4me1_Enh;E044,H3K4me1_Enh;E045,H3K4me1_Enh;E047,H3K4me1_Enh;E048,H3K4me1_Enh;E055,H3K4me1_Enh;E056,H3K4me1_Enh;E083,H3K4me1_Enh;E089,H3K4me1_Enh;E093,H3K4me1_Enh;E095,H3K4me1_Enh;E096,H3K4me1_Enh;E104,H3K4me1_Enh;E107,H3K4me1_Enh;E113,H3K4me1_Enh;E122,H3K4me1_Enh","E083;E121",".","GTEx2015_v6,Heart_Atrial_Appendage,PRKCA,7.77998072609731e-06;GTEx2015_v6,Heart_Left_Ventricle,PRKCA,2.54591426902546e-12",".",".","E2F_disc4;Irf_disc1;Pou2f2_known3;SRF_known4;THAP1_disc1;YY1_disc1","ENSG00000091583.6","APOH","0","0","NM_000042","APOH","5","18948",".","rs4791078"
"33","17","66248527","0.81","0.92","0","rs7342920","T","G","0.9","0.65","0.92","0.56","0","0","E037,7_Enh;E038,7_Enh;E039,7_Enh;E040,7_Enh;E041,7_Enh;E043,7_Enh;E083,7_Enh;E093,12_EnhBiv;E122,7_Enh","E037,17_EnhW2;E038,17_EnhW2;E039,17_EnhW2;E041,17_EnhW2;E045,17_EnhW2;E048,17_EnhW2","E007,H3K9ac_Pro;E008,H3K9ac_Pro;E038,H3K9ac_Pro;E008,H3K27ac_Enh;E043,H3K27ac_Enh;E056,H3K27ac_Enh;E033,H3K4me1_Enh;E034,H3K4me1_Enh;E037,H3K4me1_Enh;E038,H3K4me1_Enh;E039,H3K4me1_Enh;E040,H3K4me1_Enh;E041,H3K4me1_Enh;E042,H3K4me1_Enh;E043,H3K4me1_Enh;E044,H3K4me1_Enh;E045,H3K4me1_Enh;E047,H3K4me1_Enh;E048,H3K4me1_Enh;E056,H3K4me1_Enh;E083,H3K4me1_Enh;E089,H3K4me1_Enh;E093,H3K4me1_Enh;E095,H3K4me1_Enh;E096,H3K4me1_Enh;E104,H3K4me1_Enh;E107,H3K4me1_Enh;E113,H3K4me1_Enh;E122,H3K4me1_Enh;E096,H3K4me3_Pro","E080;E081;E083;E088;E109;E122",".","GTEx2015_v6,Heart_Atrial_Appendage,PRKCA,7.55129310184546e-06;GTEx2015_v6,Heart_Left_Ventricle,PRKCA,2.42813532585697e-12",".",".","CEBPD;EWSR1-FLI1;Maf_known2;SP2_disc2","ENSG00000091583.6","APOH","0","0","NM_000042","APOH","5","19088",".","rs4791078"
